Location Name,Type,Space Category,Neighborhood,Feasibility Score,Contact Info,Booking Link,IG/Social Link,Why It's Interesting,Capacity Estimate
The International Museum of Surgical Science,Indoor,museum,Gold Coast,8,info@imss.org,https://imss.org/rentals/,surgicalmuseumchicago,"Macabre, historic mansion filled with ancient surgical tools and medical history.",100
The Rookery Building Light Court,Indoor,architectural landmark,Loop,7,events@therookerybuilding.com,https://therookerybuilding.com,therookerybuilding,Frank Lloyd Wright redesigned lobby with intricate wrought iron and a stunning glass ceiling.,Varies
Chicago Athletic Association Game Room,Indoor,historic building,Loop,7,events@chicagoathletichotel.com,,chicagoathletichotel,"Vintage 1890s club aesthetic with dark wood, billiards, and ornate fireplaces.",100+
Salvage One,Indoor,adaptive reuse,West Town,10,info@salvageone.com,https://salvageone.com,salvageone,"Massive warehouse packed with architectural salvage, vintage furniture, and eclectic backdrops.",250
The Pedway Underground Walkways,Indoor,architectural landmark,Loop,5,,,,Liminal space vibes; miles of neon-lit underground tunnels connecting downtown buildings.,Varies
Galerie F,Indoor,gallery,Logan Square,9,info@galerief.com,,galerief,"Urban street art gallery with raw, rotating murals and screenprints adorning the walls.",50
National Museum of Mexican Art,Indoor,museum,Pilsen,6,info@nationalmuseumofmexicanart.org,,explorenmma,Vibrant and culturally rich galleries featuring breathtaking installations and murals.,Varies
Garfield Park Conservatory Fern Room,Indoor,immersive exhibit,East Garfield Park,8,rentals@garfieldpark.org,https://garfieldconservatory.org,garfieldparkconservatory,A prehistoric-looking jungle enclosed in a massive glass greenhouse with a stone waterfall.,150
Stony Island Arts Bank,Indoor,cultural center,South Shore,7,info@rebuild-foundation.org,,rebuildfoundation,"Restored 1920s bank showcasing a towering library of Black history and raw, decaying architectural elements.",100
Glessner House Courtyard/Interior,Indoor,historic building,South Loop,7,info@glessnerhouse.org,https://www.glessnerhouse.org/private-events,glessnerhouse,"Dark, moody 1880s Romanesque architecture with beautiful William Morris wallpapers.",100
Epiphany Center for the Arts (Sanctuary),Indoor,church,West Loop,9,events@epiphanychi.com,https://epiphanychi.com,epiphanyartscenter,"Converted historic church with massive vaulted ceilings, stained glass, and exceptional acoustics.",200
Fine Arts Building Venetian Court,Indoor,historic building,Loop,8,,https://www.fineartsbuilding.com,fineartsbuilding,"Hidden courtyard inside a legendary artist building, featuring murals and intricate tilework.",50
Colvin House,Indoor,historic building,Edgewater,9,events@colvinhousechicago.com,https://www.colvinhousechicago.com,colvinhouse,"1909 mansion with eccentric, highly textured plaster walls and dramatic architectural details.",100
Leather Archives & Museum,Indoor,museum,Rogers Park,7,info@leatherarchives.org,,leatherarchives,"Subterranean space filled with fascinating counterculture artifacts and stark, moody lighting.",50
The Plant,Indoor,adaptive reuse,Back of the Yards,8,info@insidetheplant.com,https://insidetheplant.com,insidetheplant,"A former meatpacking facility turned into a raw, industrial grid of vertical farms and breweries.",Varies
Emil Bach House,Indoor,historic building,Rogers Park,8,info@emilbachhouse.com,https://emilbachhouse.com,emilbachhouse,"Intimate, blocky Frank Lloyd Wright prairie-style home with intricate wood and glass accents.",30
South Shore Cultural Center Solarium,Indoor,cultural center,South Shore,7,,,,"Massive arched windows overlooking Lake Michigan with an elegant, forgotten-palace atmosphere.",150
Chicago Cultural Center Preston Bradley Hall,Indoor,cultural center,Loop,6,,,chicagoculturalcenter,"Features the world's largest Tiffany stained-glass dome, offering majestic natural lighting.",300
Newberry Library Reading Rooms,Indoor,library,Near North Side,5,events@newberry.org,,newberrylibrary,"Old-world academic aesthetic, rows of dark wood desks, green lamps, and towering bookshelves.",100
Richard H. Driehaus Museum,Indoor,historic building,Near North Side,6,events@driehausmuseum.org,,driehausmuseum,"The ultimate Gilded Age mansion in Chicago, overflowing with marble, bronze, and Tiffany glass.",150
Pui Tak Center,Indoor,architectural landmark,Chinatown,6,info@puitak.org,,puitakcenter,Stunning exterior flows into unique interior community spaces with distinct pagouda-style features.,Varies
Zhou B Art Center,Indoor,gallery,Bridgeport,9,events@zhoub.com,https://www.zhoubartcenter.com,zhoubartcenter,"Sprawling, raw, multi-level gallery spaces that feel distinctly industrial and artistic.",Varies
Bridge 410,Indoor,industrial,West Town,10,hello@bridge410.com,https://www.bridge410.com/,bridge410chicago,Carriage house aesthetics mixed with exposed brick and industrial machinery.,150
Morgan Manufacturing,Indoor,warehouse,West Loop,10,info@morganmfg.com,https://www.morganmfg.com,morgan_mfg,Massive converted warehouse with towering skylights and raw steel pillars.,300
Lacuna Lofts,Indoor,loft,Pilsen,10,events@lacunaeventsbylm.com,https://lacunaeventsbylm.com,lacunalofts,"Bright, graffiti-covered hallways and artist studios bursting with eclectic energy.",Varies
Artifact Events,Indoor,warehouse,Ravenswood,10,events@artifacteventschicago.com,https://www.artifacteventschicago.com,artifacteventschicago,"Soaring, factory-style windows and massive stone columns that transport you back 100 years.",500
The Joinery,Indoor,adaptive reuse,Logan Square,10,hello@thejoinerychicago.com,https://thejoinerychicago.com,thejoinerychicago,"A former woodworking shop turned sun-drenched, skylit community space with warm woods.",100
WNDR Museum,Indoor,immersive exhibit,West Loop,8,hello@wndrmuseum.com,https://wndrmuseum.com,wndrmuseum,"Trippy, neon lit interactive light rooms and infinitely mirrored environments.",Varies
Color Factory Chicago,Indoor,immersive exhibit,Loop,7,,https://colorfactory.co/chicago/,colorfactoryco,"Vibrant, monochromatic rooms designed specifically to overwhelm the senses visually.",Varies
Architecture Center Model Room,Indoor,museum,Loop,6,,,chiarchitecture,"A massive, to-scale 3D model of the city of Chicago spanning the entire floor.",Varies
The Robey Hall,Indoor,historic building,Wicker Park,9,events@therobey.com,https://www.therobey.com,therobeychicago,High industrial ceilings in what was once a massive ironworks building.,150
City Gallery at the Historic Water Tower,Indoor,gallery,Near North Side,7,,,,"One of the only buildings to survive the Great Fire, features limestone bricks and stark, quiet interior gallery space.",40
Dinkel's Bakery (Vintage Interior),Indoor,historic building,Lakeview,4,,,,"Historic bakery aesthetics; neon sign outside, retro 1920s tiling inside. (Note: Recently closed, check current status).",Varies
The Golden Triangle,Indoor,gallery,River North,8,info@goldentriangle.biz,https://www.goldentriangle.biz,goldentrianglechicago,Sprawling warehouse packed with massive Asian antiquities and temple architecture.,100
Woolly Mammoth Antiques & Oddities,Indoor,store,Andersonville,7,woollymammothchicago@gmail.com,,woollymammothchicago,"Taxidermy, medical oddities, and eerie vintage items stacked to the ceiling.",20
Architectural Artifacts Inc.,Indoor,warehouse,Near North Side,10,sales@architecturalartifacts.com,https://architecturalartifacts.com,artifactsevents,"Endless rooms filled with massive statues, terra cotta facades, and European antiques.",200
Catalyst Ranch,Indoor,studio,West Loop,10,info@catalystranch.com,https://www.catalystranch.com/,catalystranch,"Highly colorful, eccentrically decorated rooms designed for creative corporate meetings but great on camera.",100
Ignite Glass Studios,Indoor,studio,West Loop,10,info@igniteglass.com,https://www.igniteglass.com,igniteglass,Working glass blowing studio with roaring furnaces and industrial rawness.,150
Chicago Magic Lounge (Hidden Library),Indoor,speakeasy,Andersonville,9,info@chicagomagiclounge.com,https://www.chicagomagiclounge.com,chicagomagiclounge,"Hidden behind a fake laundromat, features sliding bookshelves and moody, occult-leaning decor.",40
The Drifter,Indoor,speakeasy,River North,8,,https://www.thedrifterchicago.com,thedrifterchicago,"Authentic 1920s speakeasy hidden beneath a tavern, heavily stylized with circus and tarot decor.",30
Room 13,Indoor,speakeasy,Lakeview,7,room13@oldchicagoinn.com,https://www.oldchicagoinn.com/room-13,room13chicago,"Secretive, password-only alleyway entrance leading to an impeccably preserved Roaring Twenties room.",25
The Violet Hour (Salons),Indoor,speakeasy,Wicker Park,8,info@theviolethour.com,https://www.theviolethour.com,theviolethourchicago,"Acoustically treated, dimly lit rooms with surreal high-backed chairs and crystal chandeliers.",50
Harold Washington Library Winter Garden,Indoor,library,Loop,6,,,chipublib,"A stunning, massive glass-domed atrium at the top of the central public library.",200
Poetry Foundation Building,Indoor,library,River North,6,info@poetryfoundation.org,,poetryfoundation,"Modern, minimalist architecture with stark metal fins, glass, and silent reading rooms.",50
Holy Trinity Russian Orthodox Cathedral,Indoor,church,Ukrainian Village,5,info@holytrinitycathedral.net,,,"Designed by Louis Sullivan, blending Eastern Orthodox geometry with intricate Prairie School details.",100
Second Presbyterian Church,Indoor,church,South Loop,6,info@2ndpresbyterian.org,,2ndpresbyterian,Arts and Crafts movement interior entirely covered in rich wood and immense Tiffany windows.,200
St. John Cantius Church,Indoor,church,West Town,5,,,stjohncantius,"Jaw-dropping Baroque interior that feels like it belongs in 17th-century Rome, not Chicago.",500
Rockefeller Memorial Chapel (Hidden Areas),Indoor,church,Hyde Park,6,,,ucrockefeller,Massive Gothic revival towers and brooding stone corridors that rarely see daylight.,100
Fourth Presbyterian Church Cloister,Indoor,church,Streeterville,7,,,fourthpreschicago,"A secluded, ivy-covered stone walkway courtyard that blocks out all surrounding downtown noise.",50
Our Lady of Sorrows Basilica,Indoor,church,East Garfield Park,5,,,olsbasilicachi,"Colossal Renaissance revival arches and a ceiling that stretches into a cavernous, darkened nave.",800
University of Chicago Subterranean Libraries,Indoor,library,Hyde Park,4,,,uchicagolibrary,Brutalist reading rooms and robotic underground book retrieval systems under a massive glass dome.,100
Floating World Gallery,Indoor,gallery,Lincoln Park,9,info@floatingworld.com,https://floatingworld.com,,Zen minimalist architecture featuring exposed wooden trusses and Japanese art aesthetics.,50
Mana Contemporary Chicago,Indoor,gallery,Pilsen,7,info@manacontemporary.com,,manacontemporary,A monumental former shipping facility turned into miles of white-walled artist studios.,Varies
Heaven Gallery,Indoor,gallery,Wicker Park,9,info@heavengallery.com,https://www.heavengallery.com/,heavengallerychicago,"Sun-drenched vintage storefront gallery with worn wooden floors and an intimate, DIY atmosphere.",50
Intuit: The Center for Intuitive and Outsider Art,Indoor,museum,West Town,7,intuit@art.org,,intuitartcenter,Unconventional art spaces including the obsessively detailed Henry Darger room recreation.,50
Spertus Institute,Indoor,museum,Loop,7,events@spertus.edu,,spertusinstitute,Radical geometric glass facade that fractures light into an ultra-modern stark white interior.,100
Ukrainian Institute of Modern Art,Indoor,museum,Ukrainian Village,8,info@uima-chicago.org,,uimachicago,"Sleek, minimalist 1970s exhibition halls perfect for highlighting geometric art and clean lines.",80
Polish Museum of America,Indoor,museum,West Town,7,pma@polishmuseumofamerica.org,,polishmuseum,"Dense with cultural history, stained glass windows, and a massive, ornate Great Hall.",150
Swedish American Museum,Indoor,museum,Andersonville,8,museum@samac.org,,swedishamericanmuseum,"Wooden immigrant trunks and a rustic, timber-focused interior reminiscent of Scandinavian design.",100
DuSable Black History Museum,Indoor,museum,Washington Park,7,info@dusablemuseum.org,,dusablemuseum,"Beautifully restored Burnham building with sprawling, resonant galleries and striking sculptures.",200
The Cliff Dwellers Club,Indoor,private club,Loop,6,,,cliffdwellersclub,"A hidden, 22nd-floor vintage club with unobstructed views of the Art Institute and Lake Michigan.",80
The Arts Club of Chicago,Indoor,private club,Near North Side,5,,,artsclubchicago,An iconic floating steel staircase designed by Mies van der Rohe dominates the minimalist lobby.,100
Vatican Studios,Indoor,studio,West Town,9,,,,"Underground artists loft with exposed brick, murals, and a genuinely raw DIY Chicago vibe.",40
Humboldt Park Boathouse (Indoor Pavilion),Indoor,cultural center,Humboldt Park,8,,,chicagoparks,Prairie style architecture overlooking the lagoon with grand arched windows and terracotta floors.,70
The Silver Room,Indoor,store,Hyde Park,7,info@thesilverroom.com,,thesilverroom,"Vibrant, art-covered boutique space that serves as a community hub with incredible lighting.",30
Museum of Contemporary Photography,Indoor,museum,Loop,6,mocp@colum.edu,,mocpchi,"Multi-tiered, compact, and highly modern architectural layout explicitly designed to showcase light.",50
Gino's East (Vintage Graffiti Rooms),Indoor,restaurant,River North,9,,,ginoseast,Entirely covered floor-to-ceiling in decades of carved customer graffiti; chaotic and visually dense.,50
Cricket Hill,Outdoor,park,Uptown,9,permit@chicagoparkdistrict.com,,,"A solitary, sweeping grassy hill that provides a rare unobstructed 360-degree skyline and lake view.",Varies
Palmisano Park (Stearns Quarry),Outdoor,park,Bridgeport,9,permit@chicagoparkdistrict.com,,,"A former limestone quarry converted to a stark, terraced landscape with jagged rocks and marshland.",Varies
The 606 Trail Underpasses,Outdoor,public art,Logan Square,9,,,the606chicago,"Echoing, concrete tunnels under transit lines lit by strips of neon and natural light shafts.",Varies
Promontory Point,Outdoor,waterfront,Hyde Park,9,permit@chicagoparkdistrict.com,,,"A manmade peninsula surrounded by giant, tumbled limestone blocks crashing into the lake.",Varies
Northerly Island Nature Walk,Outdoor,nature preserve,Near South Side,9,permit@chicagoparkdistrict.com,,northerlyisland,Wild prairie grasses and rolling hills built over a former airport runway right on the lake.,Varies
Jackson Park Lagoons,Outdoor,park,Hyde Park,9,,,,"Overgrown, serene waterways crossed by classic arched stone bridges from the 1893 World's Fair.",Varies
Ping Tom Memorial Park,Outdoor,park,Chinatown,9,,,chicagoparks,Bamboo gardens and a striking red pagoda-style pavilion set against a harsh industrial train bridge.,Varies
Pilsen Murals (16th Street),Outdoor,public art,Pilsen,10,,,,"Two uninterrupted miles of vibrant, colossal street art painted directly onto massive railroad embankments.",Varies
Alfred Caldwell Lily Pool,Outdoor,garden,Lincoln Park,8,info@lincolnparkconservancy.org,https://lincolnparkconservancy.org,lincolnparkconservancy,"A hidden, tranquil stone basin enclosed by native trees that feels completely isolated from the city.",20
Osaka Garden (Garden of the Phoenix),Outdoor,garden,Hyde Park,8,,,,"Authentic Japanese strolling garden resting on a wooded island, featuring traditional pavilions.",30
South Garden at the Art Institute,Outdoor,garden,Loop,7,,,,"A highly structured, shaded plaza built over a parking garage featuring the iconic Fountain of the Great Lakes.",50
Cancer Survivors' Garden,Outdoor,garden,Maggie Daley Park,8,,,,Massive monolithic stone columns flank either side of a brutalist yet lush sunken floral design.,Varies
Milton Lee Olive Park,Outdoor,waterfront,Streeterville,9,,,,"Minimalist, geometric park with black granite benches and absolutely massive circular aeration fountains.",Varies
Montrose Point Bird Sanctuary,Outdoor,nature preserve,Uptown,9,,,,"Dense, untamed 'magic hedge' blocking out city views, immersing you entirely in nature.",Varies
Lake Shore Drive Underpasses (Oak Street),Outdoor,public art,Gold Coast,10,,,,"Gritty, subterranean concrete walkways leading to the lake, covered in layers of spray paint.",Varies
Bubbly Creek,Outdoor,waterfront,Bridgeport,10,,,,"An infamous, eerily still arm of the Chicago River flanked by overgrown, decaying industrial infrastructure.",Varies
Elevated Train Platforms (Quincy Station),Outdoor,architectural landmark,Loop,4,media@transitchicago.com,,chicagocta,Immaculately preserved 1890s L station with pressed metal ceiling panels and vintage advertising.,20
Wabash Arts Corridor,Outdoor,public art,South Loop,10,,,wabashartscorridor,Towering alleyways dominated by multi-story abstract murals and aggressive urban textures.,Varies
Chicago Riverwalk (Isolated East End),Outdoor,waterfront,Loop,9,,,chicagoriverwalk,"Sleek, modernist concrete walkways that cut deep beneath the city's towering historic bridges.",Varies
DuSable Park (Undeveloped Peninsula),Outdoor,waterfront,Streeterville,8,,,,"A stark, untamed patch of land jutting directly into the lake mouth right next to Navy Pier.",Varies
Steelworkers Park,Outdoor,park,South Chicago,9,,,,"Massive, apocalyptic-looking concrete ore walls reclaimed by wild vegetation on the lake.",Varies
Hegewisch Marsh,Outdoor,nature preserve,Hegewisch,9,,,,Vast wetlands blending stark industrial smokestacks in the background with pristine natural reeds.,Varies
North Branch Trail (LaBagh Woods),Outdoor,nature preserve,Forest Glen,9,,,,"Muddy riverbanks cutting through thick, shadowy groves of towering trees under train trestles.",Varies
Graceland Cemetery,Outdoor,park,Uptown,5,info@gracelandcemetery.org,,,Eerie and monumental tombs designed by legendary architects scattered across rolling green hills.,Varies
Rosehill Cemetery,Outdoor,park,Lincoln Square,5,info@rosehillcemetery.com,,,"Gothic entrance gates lead to vast, quiet expanses of Victorian-era stonework and dark mausoleums.",Varies
Bohemian National Cemetery,Outdoor,park,North Park,6,,,,"Features a genuinely breathtaking, vines-covered crematorium columbarium that feels completely lost to time.",Varies
Indian Boundary Park Lagoon Ruins,Outdoor,park,West Ridge,9,,,,The crumbling foundations and overgrown paths of what was once an old neighborhood zoo.,Varies
Navy Pier Upper Decks (Abandoned Feel),Outdoor,rooftop,Streeterville,7,navypierinfo@navypier.org,,navypierchicago,"Far from the tourists, the highest brutalist concrete walkways overlooking the lake offer stark, liminal space.",Varies
WNDR Museum Exterior Courtyard,Outdoor,immersive exhibit,West Loop,8,,,wndrmuseum,Fenced-in lot heavily adorned with constantly shifting street art and strange structural installations.,50
Chinatown Square Rooftops,Outdoor,rooftop,Chinatown,6,,,,"Dense, neon-drenched multi-level commercial architecture reminiscent of a cyberpunk aesthetic.",Varies
